{"train_loss": [0.225845868319273, 0.0953401163816452, 0.01815141691764196, 0.005721611152092616, 0.004300875663757324, 0.003281880259513855, 0.002654958814382553], "val_loss": [0.06324537372589112, 0.03925957115491231, 0.00032965091864267985, 0.0007077759106953939, 6.0909350713094073e-05, 2.5339404741923014e-05, 1.2859940528869628e-05], "val_acc": [0.9926666666666667, 0.9956666666666667, 1.0, 0.9996666666666667, 1.0, 1.0, 1.0], "val_f1": [0.9926702296016015, 0.9956677428196883, 1.0, 0.999666666435185, 1.0, 1.0, 1.0]}